-- Customers Table
INSERT INTO customers (customer_id, name, signup_date) VALUES
-- Frequent Buyers (The "Whales")
(1, 'Alice Adams', '2023-01-05'), (2, 'Bob Baker', '2023-01-12'), (3, 'Chloe Carter', '2023-01-20'),
(4, 'David Davis', '2023-02-02'), (5, 'Emma Evans', '2023-02-15'), (6, 'Frank Fisher', '2023-03-01'),
(7, 'Grace Green', '2023-03-10'), (8, 'Henry Hall', '2023-03-22'), (9, 'Ivy Irwin', '2023-04-05'),
(10, 'Jack Jones', '2023-04-18'),
-- Medium Buyers
(11, 'Karen King', '2023-01-10'), (12, 'Leo Lewis', '2023-01-25'), (13, 'Mia Moore', '2023-02-08'),
(14, 'Noah Nelson', '2023-02-20'), (15, 'Olivia Ortiz', '2023-03-05'), (16, 'Paul Perez', '2023-03-15'),
(17, 'Quinn Reed', '2023-04-02'), (18, 'Ryan Ross', '2023-04-12'), (19, 'Sophia Scott', '2023-05-01'),
(20, 'Tom Taylor', '2023-05-15'), (21, 'Uma Vance', '2023-06-05'), (22, 'Victor Vega', '2023-06-20'),
(23, 'Wendy West', '2023-07-02'), (24, 'Xavier Xiong', '2023-07-15'), (25, 'Yara Young', '2023-08-01'),
(26, 'Zane Zeller', '2023-08-10'), (27, 'Amy Allen', '2023-08-22'), (28, 'Brian Bell', '2023-09-05'),
(29, 'Cody Clark', '2023-09-18'), (30, 'Dana Diaz', '2023-10-02'),
-- One-Time Buyers (The "Churned")
(31, 'Eli Ellis', '2023-01-08'), (32, 'Faye Fox', '2023-01-18'), (33, 'Gus Gomez', '2023-02-05'),
(34, 'Hope Hill', '2023-02-28'), (35, 'Ian Ives', '2023-03-12'), (36, 'Jill Jenkins', '2023-03-25'),
(37, 'Karl Knox', '2023-04-08'), (38, 'Lara Lane', '2023-04-22'), (39, 'Mark Mason', '2023-05-05'),
(40, 'Nora Nash', '2023-05-18'), (41, 'Otis Owen', '2023-06-02'), (42, 'Pam Price', '2023-06-12'),
(43, 'Quin Quinn', '2023-07-08'), (44, 'Rose Ruiz', '2023-07-25'), (45, 'Sean Sims', '2023-08-05'),
(46, 'Tara Tate', '2023-08-15'), (47, 'Uri Uribe', '2023-09-01'), (48, 'Vera Vang', '2023-09-12'),
(49, 'Will Wood', '2023-10-05'), (50, 'Xena Xiao', '2023-10-20');



-- ORDERS TABLE 
INSERT INTO orders (order_id, customer_id, order_date, order_amount) VALUES
(1001, 1, '2023-01-06', 125.00), (1002, 1, '2023-03-15', 250.00), (1003, 1, '2023-06-22', 45.00), (1004, 1, '2023-09-10', 120.00), (1005, 1, '2023-11-24', 800.00),
(1006, 2, '2023-01-14', 60.00), (1007, 2, '2023-04-05', 130.00), (1008, 2, '2023-07-18', 350.00), (1009, 2, '2023-10-02', 75.00), (1010, 2, '2023-12-15', 1200.00),
(1011, 3, '2023-01-25', 90.00), (1012, 3, '2023-05-12', 40.00), (1013, 3, '2023-08-30', 250.00), (1014, 3, '2023-11-25', 500.00), (1015, 3, '2023-12-20', 150.00),
(1016, 4, '2023-02-10', 200.00), (1017, 4, '2023-06-05', 85.00), (1018, 4, '2023-09-22', 110.00), (1019, 4, '2023-11-26', 199.00),
(1020, 5, '2023-02-18', 55.00), (1021, 5, '2023-05-25', 35.00), (1022, 5, '2023-08-10', 60.00), (1023, 5, '2023-11-15', 120.00), (1024, 5, '2023-12-24', 250.00),
(1025, 6, '2023-03-05', 350.00), (1026, 6, '2023-07-12', 90.00), (1027, 6, '2023-10-18', 25.00), (1028, 6, '2023-11-27', 800.00),
(1029, 7, '2023-03-15', 150.00), (1030, 7, '2023-06-28', 130.00), (1031, 7, '2023-09-05', 55.00), (1032, 7, '2023-12-10', 350.00),
(1033, 8, '2023-03-25', 85.00), (1034, 8, '2023-07-02', 120.00), (1035, 8, '2023-11-24', 1200.00), (1036, 8, '2023-12-18', 60.00),
(1037, 9, '2023-04-10', 45.00), (1038, 9, '2023-08-15', 250.00), (1039, 9, '2023-11-20', 199.00), (1040, 9, '2023-12-22', 110.00),
(1041, 10, '2023-04-22', 75.00), (1042, 10, '2023-09-12', 35.00), (1043, 10, '2023-11-28', 800.00), (1044, 10, '2023-12-26', 150.00),

(1045, 11, '2023-01-15', 350.00), (1046, 11, '2023-06-10', 45.00),
(1047, 12, '2023-02-05', 130.00), (1048, 12, '2023-11-24', 800.00),
(1049, 13, '2023-02-25', 85.00), (1050, 13, '2023-08-12', 60.00), (1051, 13, '2023-12-15', 199.00),
(1052, 14, '2023-03-10', 120.00), (1053, 14, '2023-10-05', 250.00),
(1054, 15, '2023-03-20', 55.00), (1055, 15, '2023-07-22', 35.00), (1056, 15, '2023-11-25', 150.00),
(1057, 16, '2023-04-05', 110.00), (1058, 16, '2023-09-18', 90.00),
(1059, 17, '2023-04-18', 250.00), (1060, 17, '2023-11-26', 350.00),
(1061, 18, '2023-05-10', 1200.00), (1062, 18, '2023-12-10', 75.00),
(1063, 19, '2023-05-25', 40.00), (1064, 19, '2023-08-20', 60.00), (1065, 19, '2023-12-20', 25.00),
(1066, 20, '2023-06-02', 800.00), (1067, 20, '2023-11-24', 199.00),
(1068, 21, '2023-06-15', 150.00), (1069, 21, '2023-10-12', 45.00),
(1070, 22, '2023-07-05', 85.00), (1071, 22, '2023-12-15', 350.00),
(1072, 23, '2023-07-20', 130.00), (1073, 23, '2023-11-27', 60.00),
(1074, 24, '2023-08-05', 55.00), (1075, 24, '2023-12-05', 110.00),
(1076, 25, '2023-08-22', 120.00), (1077, 25, '2023-11-25', 250.00),
(1078, 26, '2023-09-10', 35.00), (1079, 26, '2023-12-22', 90.00),
(1080, 27, '2023-09-25', 250.00), (1081, 27, '2023-11-24', 800.00),
(1082, 28, '2023-10-10', 75.00), (1083, 28, '2023-12-18', 199.00),
(1084, 29, '2023-10-25', 45.00), (1085, 29, '2023-12-26', 150.00),
(1086, 30, '2023-11-05', 1200.00), (1087, 30, '2023-12-28', 85.00),

(1088, 31, '2023-01-12', 25.00), (1089, 32, '2023-01-22', 60.00),
(1090, 33, '2023-02-14', 350.00), (1091, 34, '2023-03-05', 110.00),
(1092, 35, '2023-03-18', 85.00), (1093, 36, '2023-04-02', 45.00),
(1094, 37, '2023-04-15', 199.00), (1095, 38, '2023-05-01', 75.00),
(1096, 39, '2023-05-12', 250.00), (1097, 40, '2023-05-28', 130.00),
(1098, 41, '2023-06-10', 35.00), (1099, 42, '2023-06-25', 800.00),
(1100, 43, '2023-07-15', 55.00), (1101, 44, '2023-08-02', 150.00),
(1102, 45, '2023-08-20', 120.00), (1103, 46, '2023-09-08', 90.00),
(1104, 47, '2023-09-22', 60.00), (1105, 48, '2023-10-15', 25.00),
(1106, 49, '2023-11-02', 350.00), (1107, 50, '2023-11-18', 85.00),

(1108, 5, '2023-11-24', 350.00), (1109, 12, '2023-11-25', 120.00),
(1110, 18, '2023-11-27', 45.00), (1111, 24, '2023-12-10', 800.00),
(1112, 2, '2023-12-14', 199.00), (1113, 7, '2023-12-20', 250.00),
(1114, 15, '2023-12-22', 130.00), (1115, 29, '2023-12-26', 60.00);


-- Products Table
INSERT INTO products (product_id, product_name, category, price) VALUES
(1, 'Pro Laptop 15-inch', 'Electronics', 1200.00), (2, 'Smartphone X', 'Electronics', 800.00),
(3, 'Noise Cancelling Headphones', 'Electronics', 250.00), (4, 'Smartwatch v2', 'Electronics', 199.00),
(5, '4K Monitor', 'Electronics', 350.00),
(6, 'Cotton T-Shirt', 'Clothing', 25.00), (7, 'Denim Jeans', 'Clothing', 60.00),
(8, 'Winter Jacket', 'Clothing', 120.00), (9, 'Running Sneakers', 'Clothing', 90.00),
(10, 'Graphic Hoodie', 'Clothing', 45.00),
(11, 'Coffee Maker', 'Home', 85.00), (12, 'Blender Pro', 'Home', 110.00),
(13, 'Desk Lamp', 'Home', 35.00), (14, 'Area Rug', 'Home', 150.00),
(15, 'Ceramic Mug Set', 'Home', 28.00),
(16, 'Polarized Sunglasses', 'Accessories', 55.00), (17, 'Leather Wallet', 'Accessories', 40.00),
(18, 'Travel Backpack', 'Accessories', 75.00), (19, 'Canvas Belt', 'Accessories', 20.00),
(20, 'Classic Wristwatch', 'Accessories', 130.00);



-- ORDER_ITEMS TABLE 
INSERT INTO order_items (order_id, product_id, quantity) VALUES
(1001, 6, 1), (1001, 9, 1), (1001, 10, 1), 
(1002, 3, 1), 
(1003, 10, 1), 
(1004, 8, 1),
(1005, 2, 1),
(1006, 7, 1),
(1007, 20, 1),
(1008, 5, 1),
(1009, 18, 1),
(1010, 1, 1),
(1011, 9, 1),
(1012, 17, 1),
(1013, 3, 1),
(1014, 14, 2), (1014, 8, 1), (1014, 18, 1), 
(1015, 14, 1),
(1016, 8, 1), (1016, 18, 1),
(1017, 11, 1),
(1018, 12, 1),
(1019, 4, 1),
(1020, 16, 1),
(1021, 13, 1),
(1022, 7, 1),
(1023, 8, 1),
(1024, 3, 1),
(1025, 5, 1),
(1026, 9, 1),
(1027, 6, 1),
(1028, 2, 1),
(1029, 14, 1),
(1030, 20, 1),
(1031, 16, 1),
(1032, 5, 1),
(1033, 11, 1),
(1034, 8, 1),
(1035, 1, 1),
(1036, 7, 1),
(1037, 10, 1),
(1038, 3, 1),
(1039, 4, 1),
(1040, 12, 1),
(1041, 18, 1),
(1042, 13, 1),
(1043, 2, 1),
(1044, 14, 1),
(1045, 5, 1),
(1046, 10, 1),
(1047, 20, 1),
(1048, 2, 1),
(1049, 11, 1),
(1050, 7, 1),
(1051, 4, 1),
(1052, 8, 1),
(1053, 3, 1),
(1054, 16, 1),
(1055, 13, 1),
(1056, 14, 1),
(1057, 12, 1),
(1058, 9, 1),
(1059, 3, 1),
(1060, 5, 1),
(1061, 1, 1),
(1062, 18, 1),
(1063, 17, 1),
(1064, 7, 1),
(1065, 6, 1),
(1066, 2, 1),
(1067, 4, 1),
(1068, 14, 1),
(1069, 10, 1),
(1070, 11, 1),
(1071, 5, 1),
(1072, 20, 1),
(1073, 7, 1),
(1074, 16, 1),
(1075, 12, 1),
(1076, 8, 1),
(1077, 3, 1),
(1078, 13, 1),
(1079, 9, 1),
(1080, 3, 1),
(1081, 2, 1),
(1082, 18, 1),
(1083, 4, 1),
(1084, 10, 1),
(1085, 14, 1),
(1086, 1, 1),
(1087, 11, 1),
(1088, 6, 1),
(1089, 7, 1),
(1090, 5, 1),
(1091, 12, 1),
(1092, 11, 1),
(1093, 10, 1),
(1094, 4, 1),
(1095, 18, 1),
(1096, 3, 1),
(1097, 20, 1),
(1098, 13, 1),
(1099, 2, 1),
(1100, 16, 1),
(1101, 14, 1),
(1102, 8, 1),
(1103, 9, 1),
(1104, 7, 1),
(1105, 6, 1),
(1106, 5, 1),
(1107, 11, 1),
(1108, 5, 1),
(1109, 8, 1),
(1110, 10, 1),
(1111, 2, 1),
(1112, 4, 1),
(1113, 3, 1),
(1114, 20, 1),
(1115, 7, 1);